"Index Name","Date","Open","High","Low","Close"
"NIFTY500 VALUE 50","21 Jun 2024","-","-","-","14683.59"
"NIFTY500 VALUE 50","20 Jun 2024","-","-","-","14757.22"
"NIFTY500 VALUE 50","19 Jun 2024","-","-","-","14592.59"
"NIFTY500 VALUE 50","18 Jun 2024","-","-","-","14738.39"
"NIFTY500 VALUE 50","14 Jun 2024","-","-","-","14695.67"
"NIFTY500 VALUE 50","13 Jun 2024","-","-","-","14615.16"
"NIFTY500 VALUE 50","12 Jun 2024","-","-","-","14571.50"
"NIFTY500 VALUE 50","11 Jun 2024","-","-","-","14421.32"
"NIFTY500 VALUE 50","10 Jun 2024","-","-","-","14323.22"
"NIFTY500 VALUE 50","07 Jun 2024","-","-","-","14248.36"
"NIFTY500 VALUE 50","06 Jun 2024","-","-","-","13969.61"
"NIFTY500 VALUE 50","05 Jun 2024","-","-","-","13653.25"
"NIFTY500 VALUE 50","04 Jun 2024","-","-","-","13126.24"
"NIFTY500 VALUE 50","03 Jun 2024","-","-","-","15017.72"
"NIFTY500 VALUE 50","31 May 2024","-","-","-","14192.83"
"NIFTY500 VALUE 50","30 May 2024","-","-","-","14089.55"
"NIFTY500 VALUE 50","29 May 2024","-","-","-","14360.72"
"NIFTY500 VALUE 50","28 May 2024","-","-","-","14366.74"
"NIFTY500 VALUE 50","27 May 2024","-","-","-","14493.29"
"NIFTY500 VALUE 50","24 May 2024","-","-","-","14479.90"
"NIFTY500 VALUE 50","23 May 2024","-","-","-","14445.29"
"NIFTY500 VALUE 50","22 May 2024","-","-","-","14451.94"
"NIFTY500 VALUE 50","21 May 2024","-","-","-","14516.11"
"NIFTY500 VALUE 50","18 May 2024","-","-","-","14237.99"
"NIFTY500 VALUE 50","17 May 2024","-","-","-","14142.35"
"NIFTY500 VALUE 50","16 May 2024","-","-","-","13997.64"
"NIFTY500 VALUE 50","15 May 2024","-","-","-","13984.29"
"NIFTY500 VALUE 50","14 May 2024","-","-","-","13823.53"
"NIFTY500 VALUE 50","13 May 2024","-","-","-","13609.72"
"NIFTY500 VALUE 50","10 May 2024","-","-","-","13611.86"
"NIFTY500 VALUE 50","09 May 2024","-","-","-","13400.79"
"NIFTY500 VALUE 50","08 May 2024","-","-","-","13809.80"
"NIFTY500 VALUE 50","07 May 2024","-","-","-","13605.62"
"NIFTY500 VALUE 50","06 May 2024","-","-","-","13950.51"
"NIFTY500 VALUE 50","03 May 2024","-","-","-","14271.49"
"NIFTY500 VALUE 50","02 May 2024","-","-","-","14241.34"
"NIFTY500 VALUE 50","30 Apr 2024","-","-","-","14047.15"
"NIFTY500 VALUE 50","29 Apr 2024","-","-","-","14022.18"
"NIFTY500 VALUE 50","26 Apr 2024","-","-","-","13901.68"
"NIFTY500 VALUE 50","25 Apr 2024","-","-","-","13828.25"
"NIFTY500 VALUE 50","24 Apr 2024","-","-","-","13640.35"
"NIFTY500 VALUE 50","23 Apr 2024","-","-","-","13446.32"
"NIFTY500 VALUE 50","22 Apr 2024","-","-","-","13438.66"
"NIFTY500 VALUE 50","19 Apr 2024","-","-","-","13322.75"
"NIFTY500 VALUE 50","18 Apr 2024","-","-","-","13325.48"
"NIFTY500 VALUE 50","16 Apr 2024","-","-","-","13400.99"
"NIFTY500 VALUE 50","15 Apr 2024","-","-","-","13373.20"
"NIFTY500 VALUE 50","12 Apr 2024","-","-","-","13474.50"
"NIFTY500 VALUE 50","10 Apr 2024","-","-","-","13606.31"
"NIFTY500 VALUE 50","09 Apr 2024","-","-","-","13373.65"
"NIFTY500 VALUE 50","08 Apr 2024","-","-","-","13343.20"
"NIFTY500 VALUE 50","05 Apr 2024","-","-","-","13282.43"
"NIFTY500 VALUE 50","04 Apr 2024","-","-","-","13240.96"
"NIFTY500 VALUE 50","03 Apr 2024","-","-","-","13281.86"
"NIFTY500 VALUE 50","02 Apr 2024","-","-","-","13166.79"
"NIFTY500 VALUE 50","01 Apr 2024","-","-","-","12951.66"
"NIFTY500 VALUE 50","28 Mar 2024","-","-","-","12693.20"
"NIFTY500 VALUE 50","27 Mar 2024","-","-","-","12530.12"
"NIFTY500 VALUE 50","26 Mar 2024","-","-","-","12598.71"
"NIFTY500 VALUE 50","22 Mar 2024","-","-","-","12530.73"
"NIFTY500 VALUE 50","21 Mar 2024","-","-","-","12454.91"
"NIFTY500 VALUE 50","20 Mar 2024","-","-","-","12134.90"
"NIFTY500 VALUE 50","19 Mar 2024","-","-","-","12095.98"
"NIFTY500 VALUE 50","18 Mar 2024","-","-","-","12283.76"
"NIFTY500 VALUE 50","15 Mar 2024","-","-","-","12248.02"
"NIFTY500 VALUE 50","14 Mar 2024","-","-","-","12381.31"
"NIFTY500 VALUE 50","13 Mar 2024","-","-","-","12115.79"
"NIFTY500 VALUE 50","12 Mar 2024","-","-","-","12845.37"
"NIFTY500 VALUE 50","11 Mar 2024","-","-","-","13034.60"
"NIFTY500 VALUE 50","07 Mar 2024","-","-","-","13226.26"
"NIFTY500 VALUE 50","06 Mar 2024","-","-","-","13218.92"
"NIFTY500 VALUE 50","05 Mar 2024","-","-","-","13299.59"
"NIFTY500 VALUE 50","04 Mar 2024","-","-","-","13188.84"
"NIFTY500 VALUE 50","02 Mar 2024","-","-","-","13042.08"
"NIFTY500 VALUE 50","01 Mar 2024","-","-","-","12950.78"
"NIFTY500 VALUE 50","29 Feb 2024","-","-","-","12625.95"
"NIFTY500 VALUE 50","28 Feb 2024","-","-","-","12557.91"
"NIFTY500 VALUE 50","27 Feb 2024","-","-","-","12829.52"
"NIFTY500 VALUE 50","26 Feb 2024","-","-","-","12877.56"
"NIFTY500 VALUE 50","23 Feb 2024","-","-","-","12926.92"
"NIFTY500 VALUE 50","22 Feb 2024","-","-","-","12998.35"
"NIFTY500 VALUE 50","21 Feb 2024","-","-","-","12907.33"
"NIFTY500 VALUE 50","20 Feb 2024","-","-","-","13081.25"
"NIFTY500 VALUE 50","19 Feb 2024","-","-","-","13048.45"
"NIFTY500 VALUE 50","16 Feb 2024","-","-","-","13024.42"
"NIFTY500 VALUE 50","15 Feb 2024","-","-","-","13046.40"
"NIFTY500 VALUE 50","14 Feb 2024","-","-","-","12756.22"
"NIFTY500 VALUE 50","13 Feb 2024","-","-","-","12384.69"
"NIFTY500 VALUE 50","12 Feb 2024","-","-","-","12355.49"
"NIFTY500 VALUE 50","09 Feb 2024","-","-","-","12854.60"
"NIFTY500 VALUE 50","08 Feb 2024","-","-","-","13044.00"
"NIFTY500 VALUE 50","07 Feb 2024","-","-","-","12977.02"
"NIFTY500 VALUE 50","06 Feb 2024","-","-","-","12954.25"
"NIFTY500 VALUE 50","05 Feb 2024","-","-","-","12760.34"
"NIFTY500 VALUE 50","02 Feb 2024","-","-","-","12622.82"
"NIFTY500 VALUE 50","01 Feb 2024","-","-","-","12278.59"
"NIFTY500 VALUE 50","31 Jan 2024","-","-","-","12254.01"
"NIFTY500 VALUE 50","30 Jan 2024","-","-","-","12091.46"
"NIFTY500 VALUE 50","29 Jan 2024","-","-","-","12096.65"
"NIFTY500 VALUE 50","25 Jan 2024","-","-","-","11753.21"
"NIFTY500 VALUE 50","24 Jan 2024","-","-","-","11707.84"
"NIFTY500 VALUE 50","23 Jan 2024","-","-","-","11365.18"
"NIFTY500 VALUE 50","20 Jan 2024","-","-","-","11836.95"
"NIFTY500 VALUE 50","19 Jan 2024","-","-","-","11723.74"
"NIFTY500 VALUE 50","18 Jan 2024","-","-","-","11496.89"
"NIFTY500 VALUE 50","17 Jan 2024","-","-","-","11532.91"
"NIFTY500 VALUE 50","16 Jan 2024","-","-","-","11738.58"
"NIFTY500 VALUE 50","15 Jan 2024","-","-","-","11682.07"
"NIFTY500 VALUE 50","12 Jan 2024","-","-","-","11569.03"
"NIFTY500 VALUE 50","11 Jan 2024","-","-","-","11470.74"
"NIFTY500 VALUE 50","10 Jan 2024","-","-","-","11378.93"
"NIFTY500 VALUE 50","09 Jan 2024","-","-","-","11424.08"
"NIFTY500 VALUE 50","08 Jan 2024","-","-","-","11398.34"
"NIFTY500 VALUE 50","05 Jan 2024","-","-","-","11522.58"
"NIFTY500 VALUE 50","04 Jan 2024","-","-","-","11540.30"
"NIFTY500 VALUE 50","03 Jan 2024","-","-","-","11445.22"
"NIFTY500 VALUE 50","02 Jan 2024","-","-","-","11473.96"
"NIFTY500 VALUE 50","01 Jan 2024","-","-","-","11457.93"
"NIFTY500 VALUE 50","29 Dec 2023","-","-","-","11364.37"
"NIFTY500 VALUE 50","28 Dec 2023","-","-","-","11411.27"
"NIFTY500 VALUE 50","27 Dec 2023","-","-","-","11176.81"
"NIFTY500 VALUE 50","26 Dec 2023","-","-","-","11137.80"
"NIFTY500 VALUE 50","22 Dec 2023","-","-","-","11003.11"
"NIFTY500 VALUE 50","21 Dec 2023","-","-","-","10949.60"
"NIFTY500 VALUE 50","20 Dec 2023","-","-","-","10723.29"
"NIFTY500 VALUE 50","19 Dec 2023","-","-","-","11190.34"
"NIFTY500 VALUE 50","18 Dec 2023","-","-","-","11157.38"
"NIFTY500 VALUE 50","15 Dec 2023","-","-","-","11155.33"
"NIFTY500 VALUE 50","14 Dec 2023","-","-","-","11026.24"
"NIFTY500 VALUE 50","13 Dec 2023","-","-","-","10934.27"
"NIFTY500 VALUE 50","12 Dec 2023","-","-","-","10678.13"
"NIFTY500 VALUE 50","11 Dec 2023","-","-","-","10713.97"
"NIFTY500 VALUE 50","08 Dec 2023","-","-","-","10648.66"
"NIFTY500 VALUE 50","07 Dec 2023","-","-","-","10658.29"
"NIFTY500 VALUE 50","06 Dec 2023","-","-","-","10625.66"
"NIFTY500 VALUE 50","05 Dec 2023","-","-","-","10562.45"
"NIFTY500 VALUE 50","04 Dec 2023","-","-","-","10455.48"
"NIFTY500 VALUE 50","01 Dec 2023","-","-","-","10186.26"
"NIFTY500 VALUE 50","30 Nov 2023","-","-","-","9988.46"
"NIFTY500 VALUE 50","29 Nov 2023","-","-","-","9914.37"
"NIFTY500 VALUE 50","28 Nov 2023","-","-","-","9839.18"
"NIFTY500 VALUE 50","24 Nov 2023","-","-","-","9684.04"
"NIFTY500 VALUE 50","23 Nov 2023","-","-","-","9730.27"
"NIFTY500 VALUE 50","22 Nov 2023","-","-","-","9682.79"
"NIFTY500 VALUE 50","21 Nov 2023","-","-","-","9696.81"
"NIFTY500 VALUE 50","20 Nov 2023","-","-","-","9708.77"
"NIFTY500 VALUE 50","17 Nov 2023","-","-","-","9686.36"
"NIFTY500 VALUE 50","16 Nov 2023","-","-","-","9704.58"
"NIFTY500 VALUE 50","15 Nov 2023","-","-","-","9681.19"
"NIFTY500 VALUE 50","13 Nov 2023","-","-","-","9610.41"
"NIFTY500 VALUE 50","12 Nov 2023","-","-","-","9510.88"
"NIFTY500 VALUE 50","10 Nov 2023","-","-","-","9425.87"
"NIFTY500 VALUE 50","09 Nov 2023","-","-","-","9328.97"
"NIFTY500 VALUE 50","08 Nov 2023","-","-","-","9292.74"
"NIFTY500 VALUE 50","07 Nov 2023","-","-","-","9242.45"
"NIFTY500 VALUE 50","06 Nov 2023","-","-","-","9166.35"
"NIFTY500 VALUE 50","03 Nov 2023","-","-","-","9087.37"
"NIFTY500 VALUE 50","02 Nov 2023","-","-","-","9035.77"
"NIFTY500 VALUE 50","01 Nov 2023","-","-","-","8859.14"
"NIFTY500 VALUE 50","31 Oct 2023","-","-","-","8882.40"
"NIFTY500 VALUE 50","30 Oct 2023","-","-","-","8838.43"
"NIFTY500 VALUE 50","27 Oct 2023","-","-","-","8797.41"
"NIFTY500 VALUE 50","26 Oct 2023","-","-","-","8641.29"
"NIFTY500 VALUE 50","25 Oct 2023","-","-","-","8745.16"
"NIFTY500 VALUE 50","23 Oct 2023","-","-","-","8795.41"
"NIFTY500 VALUE 50","20 Oct 2023","-","-","-","9044.86"
"NIFTY500 VALUE 50","19 Oct 2023","-","-","-","9180.76"
"NIFTY500 VALUE 50","18 Oct 2023","-","-","-","9172.88"
"NIFTY500 VALUE 50","17 Oct 2023","-","-","-","9274.36"
"NIFTY500 VALUE 50","16 Oct 2023","-","-","-","9211.70"
"NIFTY500 VALUE 50","13 Oct 2023","-","-","-","9143.13"
"NIFTY500 VALUE 50","12 Oct 2023","-","-","-","9157.46"
"NIFTY500 VALUE 50","11 Oct 2023","-","-","-","9082.48"
"NIFTY500 VALUE 50","10 Oct 2023","-","-","-","9047.67"
"NIFTY500 VALUE 50","09 Oct 2023","-","-","-","8876.48"
"NIFTY500 VALUE 50","06 Oct 2023","-","-","-","9018.35"
"NIFTY500 VALUE 50","05 Oct 2023","-","-","-","8963.14"
"NIFTY500 VALUE 50","04 Oct 2023","-","-","-","8996.66"
"NIFTY500 VALUE 50","03 Oct 2023","-","-","-","9165.85"
"NIFTY500 VALUE 50","29 Sep 2023","-","-","-","9179.96"
"NIFTY500 VALUE 50","28 Sep 2023","-","-","-","8977.32"
"NIFTY500 VALUE 50","27 Sep 2023","-","-","-","9072.76"
"NIFTY500 VALUE 50","26 Sep 2023","-","-","-","9021.15"
"NIFTY500 VALUE 50","25 Sep 2023","-","-","-","9036.32"
"NIFTY500 VALUE 50","22 Sep 2023","-","-","-","9011.95"
"NIFTY500 VALUE 50","21 Sep 2023","-","-","-","8960.95"
"NIFTY500 VALUE 50","20 Sep 2023","-","-","-","9045.23"
"NIFTY500 VALUE 50","18 Sep 2023","-","-","-","9077.91"
"NIFTY500 VALUE 50","15 Sep 2023","-","-","-","9011.80"
"NIFTY500 VALUE 50","14 Sep 2023","-","-","-","9039.20"
"NIFTY500 VALUE 50","13 Sep 2023","-","-","-","8915.53"
"NIFTY500 VALUE 50","12 Sep 2023","-","-","-","8770.13"
"NIFTY500 VALUE 50","11 Sep 2023","-","-","-","9112.07"
"NIFTY500 VALUE 50","08 Sep 2023","-","-","-","9005.52"
"NIFTY500 VALUE 50","07 Sep 2023","-","-","-","8844.05"
"NIFTY500 VALUE 50","06 Sep 2023","-","-","-","8751.33"
"NIFTY500 VALUE 50","05 Sep 2023","-","-","-","8806.40"
"NIFTY500 VALUE 50","04 Sep 2023","-","-","-","8753.91"
"NIFTY500 VALUE 50","01 Sep 2023","-","-","-","8563.24"
"NIFTY500 VALUE 50","31 Aug 2023","-","-","-","8385.80"
"NIFTY500 VALUE 50","30 Aug 2023","-","-","-","8456.62"
"NIFTY500 VALUE 50","29 Aug 2023","-","-","-","8446.05"
"NIFTY500 VALUE 50","28 Aug 2023","-","-","-","8421.52"
"NIFTY500 VALUE 50","25 Aug 2023","-","-","-","8338.71"
"NIFTY500 VALUE 50","24 Aug 2023","-","-","-","8405.67"
"NIFTY500 VALUE 50","23 Aug 2023","-","-","-","8433.50"
"NIFTY500 VALUE 50","22 Aug 2023","-","-","-","8380.87"
"NIFTY500 VALUE 50","21 Aug 2023","-","-","-","8364.63"
"NIFTY500 VALUE 50","18 Aug 2023","-","-","-","8306.55"
"NIFTY500 VALUE 50","17 Aug 2023","-","-","-","8365.92"
"NIFTY500 VALUE 50","16 Aug 2023","-","-","-","8341.38"
"NIFTY500 VALUE 50","14 Aug 2023","-","-","-","8323.54"
"NIFTY500 VALUE 50","11 Aug 2023","-","-","-","8386.33"
"NIFTY500 VALUE 50","10 Aug 2023","-","-","-","8414.08"
"NIFTY500 VALUE 50","09 Aug 2023","-","-","-","8433.81"
"NIFTY500 VALUE 50","08 Aug 2023","-","-","-","8365.69"
"NIFTY500 VALUE 50","07 Aug 2023","-","-","-","8347.04"
"NIFTY500 VALUE 50","04 Aug 2023","-","-","-","8299.70"
"NIFTY500 VALUE 50","03 Aug 2023","-","-","-","8306.32"
"NIFTY500 VALUE 50","02 Aug 2023","-","-","-","8333.60"
"NIFTY500 VALUE 50","01 Aug 2023","-","-","-","8509.19"
"NIFTY500 VALUE 50","31 Jul 2023","-","-","-","8502.20"
"NIFTY500 VALUE 50","28 Jul 2023","-","-","-","8378.01"
"NIFTY500 VALUE 50","27 Jul 2023","-","-","-","8324.78"
"NIFTY500 VALUE 50","26 Jul 2023","-","-","-","8300.69"
"NIFTY500 VALUE 50","25 Jul 2023","-","-","-","8239.51"
"NIFTY500 VALUE 50","24 Jul 2023","-","-","-","8182.93"
"NIFTY500 VALUE 50","21 Jul 2023","-","-","-","8138.15"
"NIFTY500 VALUE 50","20 Jul 2023","-","-","-","8139.88"
"NIFTY500 VALUE 50","19 Jul 2023","-","-","-","8106.55"
"NIFTY500 VALUE 50","18 Jul 2023","-","-","-","8039.92"
"NIFTY500 VALUE 50","17 Jul 2023","-","-","-","8090.59"
"NIFTY500 VALUE 50","14 Jul 2023","-","-","-","8053.77"
"NIFTY500 VALUE 50","13 Jul 2023","-","-","-","7976.39"
"NIFTY500 VALUE 50","12 Jul 2023","-","-","-","8079.30"
"NIFTY500 VALUE 50","11 Jul 2023","-","-","-","8067.69"
"NIFTY500 VALUE 50","10 Jul 2023","-","-","-","8032.82"
"NIFTY500 VALUE 50","07 Jul 2023","-","-","-","8043.34"
"NIFTY500 VALUE 50","06 Jul 2023","-","-","-","8082.91"
"NIFTY500 VALUE 50","05 Jul 2023","-","-","-","7987.65"
"NIFTY500 VALUE 50","04 Jul 2023","-","-","-","7916.92"
"NIFTY500 VALUE 50","03 Jul 2023","-","-","-","7918.07"
"NIFTY500 VALUE 50","30 Jun 2023","-","-","-","7794.73"
"NIFTY500 VALUE 50","28 Jun 2023","-","-","-","7742.63"
"NIFTY500 VALUE 50","27 Jun 2023","-","-","-","7680.87"
"NIFTY500 VALUE 50","26 Jun 2023","-","-","-","7630.02"
"NIFTY500 VALUE 50","23 Jun 2023","-","-","-","7613.90"
"NIFTY500 VALUE 50","22 Jun 2023","-","-","-","7723.74"
"NIFTY500 VALUE 50","21 Jun 2023","-","-","-","7797.50"
"NIFTY500 VALUE 50","20 Jun 2023","-","-","-","7732.14"
"NIFTY500 VALUE 50","19 Jun 2023","-","-","-","7669.78"
"NIFTY500 VALUE 50","16 Jun 2023","-","-","-","7681.17"
"NIFTY500 VALUE 50","15 Jun 2023","-","-","-","7643.21"
"NIFTY500 VALUE 50","14 Jun 2023","-","-","-","7658.58"
"NIFTY500 VALUE 50","13 Jun 2023","-","-","-","7616.90"
"NIFTY500 VALUE 50","12 Jun 2023","-","-","-","7587.27"
"NIFTY500 VALUE 50","09 Jun 2023","-","-","-","7500.77"
"NIFTY500 VALUE 50","08 Jun 2023","-","-","-","7518.14"
"NIFTY500 VALUE 50","07 Jun 2023","-","-","-","7552.19"
"NIFTY500 VALUE 50","06 Jun 2023","-","-","-","7476.75"
"NIFTY500 VALUE 50","05 Jun 2023","-","-","-","7467.94"
"NIFTY500 VALUE 50","02 Jun 2023","-","-","-","7454.66"
"NIFTY500 VALUE 50","01 Jun 2023","-","-","-","7389.96"
"NIFTY500 VALUE 50","31 May 2023","-","-","-","7389.13"
"NIFTY500 VALUE 50","30 May 2023","-","-","-","7421.95"
"NIFTY500 VALUE 50","29 May 2023","-","-","-","7400.28"
"NIFTY500 VALUE 50","26 May 2023","-","-","-","7359.95"
"NIFTY500 VALUE 50","25 May 2023","-","-","-","7329.83"
"NIFTY500 VALUE 50","24 May 2023","-","-","-","7318.52"
"NIFTY500 VALUE 50","23 May 2023","-","-","-","7327.37"
"NIFTY500 VALUE 50","22 May 2023","-","-","-","7293.23"
"NIFTY500 VALUE 50","19 May 2023","-","-","-","7275.64"
"NIFTY500 VALUE 50","18 May 2023","-","-","-","7284.20"
"NIFTY500 VALUE 50","17 May 2023","-","-","-","7364.98"
"NIFTY500 VALUE 50","16 May 2023","-","-","-","7393.14"
"NIFTY500 VALUE 50","15 May 2023","-","-","-","7369.21"
"NIFTY500 VALUE 50","12 May 2023","-","-","-","7308.55"
"NIFTY500 VALUE 50","11 May 2023","-","-","-","7395.42"
"NIFTY500 VALUE 50","10 May 2023","-","-","-","7395.87"
"NIFTY500 VALUE 50","09 May 2023","-","-","-","7365.71"
"NIFTY500 VALUE 50","08 May 2023","-","-","-","7415.39"
"NIFTY500 VALUE 50","05 May 2023","-","-","-","7354.37"
"NIFTY500 VALUE 50","04 May 2023","-","-","-","7459.59"
"NIFTY500 VALUE 50","03 May 2023","-","-","-","7401.36"
"NIFTY500 VALUE 50","02 May 2023","-","-","-","7419.36"
"NIFTY500 VALUE 50","28 Apr 2023","-","-","-","7323.81"
"NIFTY500 VALUE 50","27 Apr 2023","-","-","-","7256.89"
"NIFTY500 VALUE 50","26 Apr 2023","-","-","-","7227.01"
"NIFTY500 VALUE 50","25 Apr 2023","-","-","-","7190.35"
"NIFTY500 VALUE 50","24 Apr 2023","-","-","-","7152.86"
"NIFTY500 VALUE 50","21 Apr 2023","-","-","-","7091.75"
"NIFTY500 VALUE 50","20 Apr 2023","-","-","-","7125.66"
"NIFTY500 VALUE 50","19 Apr 2023","-","-","-","7136.85"
"NIFTY500 VALUE 50","18 Apr 2023","-","-","-","7137.10"
"NIFTY500 VALUE 50","17 Apr 2023","-","-","-","7130.21"
"NIFTY500 VALUE 50","13 Apr 2023","-","-","-","7060.09"
"NIFTY500 VALUE 50","12 Apr 2023","-","-","-","7081.04"
"NIFTY500 VALUE 50","11 Apr 2023","-","-","-","7093.30"
"NIFTY500 VALUE 50","10 Apr 2023","-","-","-","7032.65"
"NIFTY500 VALUE 50","06 Apr 2023","-","-","-","6957.70"
"NIFTY500 VALUE 50","05 Apr 2023","-","-","-","6931.99"
"NIFTY500 VALUE 50","03 Apr 2023","-","-","-","6926.03"
"NIFTY500 VALUE 50","31 Mar 2023","-","-","-","6887.29"
"NIFTY500 VALUE 50","29 Mar 2023","-","-","-","6847.87"
"NIFTY500 VALUE 50","28 Mar 2023","-","-","-","6734.51"
"NIFTY500 VALUE 50","27 Mar 2023","-","-","-","6752.73"
"NIFTY500 VALUE 50","24 Mar 2023","-","-","-","6775.68"
"NIFTY500 VALUE 50","23 Mar 2023","-","-","-","6889.32"
"NIFTY500 VALUE 50","22 Mar 2023","-","-","-","6928.49"
"NIFTY500 VALUE 50","21 Mar 2023","-","-","-","6927.38"
"NIFTY500 VALUE 50","20 Mar 2023","-","-","-","6894.35"
"NIFTY500 VALUE 50","17 Mar 2023","-","-","-","6956.35"
"NIFTY500 VALUE 50","16 Mar 2023","-","-","-","6906.88"
"NIFTY500 VALUE 50","15 Mar 2023","-","-","-","6904.39"
"NIFTY500 VALUE 50","14 Mar 2023","-","-","-","6879.72"
"NIFTY500 VALUE 50","13 Mar 2023","-","-","-","6924.31"
"NIFTY500 VALUE 50","10 Mar 2023","-","-","-","7026.65"
"NIFTY500 VALUE 50","09 Mar 2023","-","-","-","7066.83"
"NIFTY500 VALUE 50","08 Mar 2023","-","-","-","7082.32"
"NIFTY500 VALUE 50","06 Mar 2023","-","-","-","7030.09"
"NIFTY500 VALUE 50","03 Mar 2023","-","-","-","6955.44"
"NIFTY500 VALUE 50","02 Mar 2023","-","-","-","6854.51"
"NIFTY500 VALUE 50","01 Mar 2023","-","-","-","6848.27"
"NIFTY500 VALUE 50","28 Feb 2023","-","-","-","6735.88"
"NIFTY500 VALUE 50","27 Feb 2023","-","-","-","6769.78"
"NIFTY500 VALUE 50","24 Feb 2023","-","-","-","6811.48"
"NIFTY500 VALUE 50","23 Feb 2023","-","-","-","6834.83"
"NIFTY500 VALUE 50","22 Feb 2023","-","-","-","6816.66"
"NIFTY500 VALUE 50","21 Feb 2023","-","-","-","6926.93"
"NIFTY500 VALUE 50","20 Feb 2023","-","-","-","6950.39"
"NIFTY500 VALUE 50","17 Feb 2023","-","-","-","6993.15"
"NIFTY500 VALUE 50","16 Feb 2023","-","-","-","7008.74"
"NIFTY500 VALUE 50","15 Feb 2023","-","-","-","6963.09"
"NIFTY500 VALUE 50","14 Feb 2023","-","-","-","6936.42"
"NIFTY500 VALUE 50","13 Feb 2023","-","-","-","6923.42"
"NIFTY500 VALUE 50","10 Feb 2023","-","-","-","6972.95"
"NIFTY500 VALUE 50","09 Feb 2023","-","-","-","6989.77"
"NIFTY500 VALUE 50","08 Feb 2023","-","-","-","6981.88"
"NIFTY500 VALUE 50","07 Feb 2023","-","-","-","6930.94"
"NIFTY500 VALUE 50","06 Feb 2023","-","-","-","6990.88"
"NIFTY500 VALUE 50","03 Feb 2023","-","-","-","6995.57"
"NIFTY500 VALUE 50","02 Feb 2023","-","-","-","6968.81"
"NIFTY500 VALUE 50","01 Feb 2023","-","-","-","6992.16"
"NIFTY500 VALUE 50","31 Jan 2023","-","-","-","7115.05"
"NIFTY500 VALUE 50","30 Jan 2023","-","-","-","6967.57"
"NIFTY500 VALUE 50","27 Jan 2023","-","-","-","6995.36"
"NIFTY500 VALUE 50","25 Jan 2023","-","-","-","7156.43"
"NIFTY500 VALUE 50","24 Jan 2023","-","-","-","7239.85"
"NIFTY500 VALUE 50","23 Jan 2023","-","-","-","7300.67"
"NIFTY500 VALUE 50","20 Jan 2023","-","-","-","7276.77"
"NIFTY500 VALUE 50","19 Jan 2023","-","-","-","7301.23"
"NIFTY500 VALUE 50","18 Jan 2023","-","-","-","7257.97"
"NIFTY500 VALUE 50","17 Jan 2023","-","-","-","7189.32"
"NIFTY500 VALUE 50","16 Jan 2023","-","-","-","7193.37"
"NIFTY500 VALUE 50","13 Jan 2023","-","-","-","7205.07"
"NIFTY500 VALUE 50","12 Jan 2023","-","-","-","7152.60"
"NIFTY500 VALUE 50","11 Jan 2023","-","-","-","7202.72"
"NIFTY500 VALUE 50","10 Jan 2023","-","-","-","7173.30"
"NIFTY500 VALUE 50","09 Jan 2023","-","-","-","7202.18"
"NIFTY500 VALUE 50","06 Jan 2023","-","-","-","7137.87"
"NIFTY500 VALUE 50","05 Jan 2023","-","-","-","7163.65"
"NIFTY500 VALUE 50","04 Jan 2023","-","-","-","7115.16"
"NIFTY500 VALUE 50","03 Jan 2023","-","-","-","7222.05"
"NIFTY500 VALUE 50","02 Jan 2023","-","-","-","7198.05"
"NIFTY500 VALUE 50","30 Dec 2022","-","-","-","7058.28"
"NIFTY500 VALUE 50","29 Dec 2022","-","-","-","6990.96"
"NIFTY500 VALUE 50","28 Dec 2022","-","-","-","6958.72"
"NIFTY500 VALUE 50","27 Dec 2022","-","-","-","6942.72"
"NIFTY500 VALUE 50","26 Dec 2022","-","-","-","6830.05"
"NIFTY500 VALUE 50","23 Dec 2022","-","-","-","6620.31"
"NIFTY500 VALUE 50","22 Dec 2022","-","-","-","6885.53"
"NIFTY500 VALUE 50","21 Dec 2022","-","-","-","6956.16"
"NIFTY500 VALUE 50","20 Dec 2022","-","-","-","7097.03"
"NIFTY500 VALUE 50","19 Dec 2022","-","-","-","7118.68"
"NIFTY500 VALUE 50","16 Dec 2022","-","-","-","7063.96"
"NIFTY500 VALUE 50","15 Dec 2022","-","-","-","7160.02"
"NIFTY500 VALUE 50","14 Dec 2022","-","-","-","7215.33"
"NIFTY500 VALUE 50","13 Dec 2022","-","-","-","7141.01"
"NIFTY500 VALUE 50","12 Dec 2022","-","-","-","7108.71"
"NIFTY500 VALUE 50","09 Dec 2022","-","-","-","7030.17"
"NIFTY500 VALUE 50","08 Dec 2022","-","-","-","7102.85"
"NIFTY500 VALUE 50","07 Dec 2022","-","-","-","7038.80"
"NIFTY500 VALUE 50","06 Dec 2022","-","-","-","7056.97"
"NIFTY500 VALUE 50","05 Dec 2022","-","-","-","7085.41"
"NIFTY500 VALUE 50","02 Dec 2022","-","-","-","7013.35"
"NIFTY500 VALUE 50","01 Dec 2022","-","-","-","6995.52"
"NIFTY500 VALUE 50","30 Nov 2022","-","-","-","6954.91"
"NIFTY500 VALUE 50","29 Nov 2022","-","-","-","6905.10"
"NIFTY500 VALUE 50","28 Nov 2022","-","-","-","6896.97"
"NIFTY500 VALUE 50","25 Nov 2022","-","-","-","6870.42"
"NIFTY500 VALUE 50","24 Nov 2022","-","-","-","6779.01"
"NIFTY500 VALUE 50","23 Nov 2022","-","-","-","6699.18"
"NIFTY500 VALUE 50","22 Nov 2022","-","-","-","6677.06"
"NIFTY500 VALUE 50","21 Nov 2022","-","-","-","6651.27"
"NIFTY500 VALUE 50","18 Nov 2022","-","-","-","6646.07"
"NIFTY500 VALUE 50","17 Nov 2022","-","-","-","6652.21"
"NIFTY500 VALUE 50","16 Nov 2022","-","-","-","6653.77"
"NIFTY500 VALUE 50","15 Nov 2022","-","-","-","6690.88"
"NIFTY500 VALUE 50","14 Nov 2022","-","-","-","6668.70"
"NIFTY500 VALUE 50","11 Nov 2022","-","-","-","6635.61"
"NIFTY500 VALUE 50","10 Nov 2022","-","-","-","6576.79"
"NIFTY500 VALUE 50","09 Nov 2022","-","-","-","6647.81"
"NIFTY500 VALUE 50","07 Nov 2022","-","-","-","6668.24"
"NIFTY500 VALUE 50","04 Nov 2022","-","-","-","6570.39"
"NIFTY500 VALUE 50","03 Nov 2022","-","-","-","6514.56"
"NIFTY500 VALUE 50","02 Nov 2022","-","-","-","6491.47"
"NIFTY500 VALUE 50","01 Nov 2022","-","-","-","6475.70"
"NIFTY500 VALUE 50","31 Oct 2022","-","-","-","6435.24"
"NIFTY500 VALUE 50","28 Oct 2022","-","-","-","6408.04"
"NIFTY500 VALUE 50","27 Oct 2022","-","-","-","6411.42"
"NIFTY500 VALUE 50","25 Oct 2022","-","-","-","6316.78"
"NIFTY500 VALUE 50","24 Oct 2022","-","-","-","6291.81"
"NIFTY500 VALUE 50","21 Oct 2022","-","-","-","6249.94"
"NIFTY500 VALUE 50","20 Oct 2022","-","-","-","6255.41"
"NIFTY500 VALUE 50","19 Oct 2022","-","-","-","6181.13"
"NIFTY500 VALUE 50","18 Oct 2022","-","-","-","6198.04"
"NIFTY500 VALUE 50","17 Oct 2022","-","-","-","6124.18"
"NIFTY500 VALUE 50","14 Oct 2022","-","-","-","6114.92"
"NIFTY500 VALUE 50","13 Oct 2022","-","-","-","6115.82"
"NIFTY500 VALUE 50","12 Oct 2022","-","-","-","6135.98"
"NIFTY500 VALUE 50","11 Oct 2022","-","-","-","6055.77"
"NIFTY500 VALUE 50","10 Oct 2022","-","-","-","6164.74"
"NIFTY500 VALUE 50","07 Oct 2022","-","-","-","6212.16"
"NIFTY500 VALUE 50","06 Oct 2022","-","-","-","6208.82"
"NIFTY500 VALUE 50","04 Oct 2022","-","-","-","6123.68"
"NIFTY500 VALUE 50","03 Oct 2022","-","-","-","5983.02"
"NIFTY500 VALUE 50","30 Sep 2022","-","-","-","6034.29"
"NIFTY500 VALUE 50","29 Sep 2022","-","-","-","5935.15"
"NIFTY500 VALUE 50","28 Sep 2022","-","-","-","5887.75"
"NIFTY500 VALUE 50","27 Sep 2022","-","-","-","5973.54"
"NIFTY500 VALUE 50","26 Sep 2022","-","-","-","5951.13"
"NIFTY500 VALUE 50","23 Sep 2022","-","-","-","6155.17"
"NIFTY500 VALUE 50","22 Sep 2022","-","-","-","6297.11"
"NIFTY500 VALUE 50","21 Sep 2022","-","-","-","6322.67"
"NIFTY500 VALUE 50","20 Sep 2022","-","-","-","6391.24"
"NIFTY500 VALUE 50","19 Sep 2022","-","-","-","6342.13"
"NIFTY500 VALUE 50","16 Sep 2022","-","-","-","6376.44"
"NIFTY500 VALUE 50","15 Sep 2022","-","-","-","6520.96"
"NIFTY500 VALUE 50","14 Sep 2022","-","-","-","6518.36"
"NIFTY500 VALUE 50","13 Sep 2022","-","-","-","6464.87"
"NIFTY500 VALUE 50","12 Sep 2022","-","-","-","6445.12"
"NIFTY500 VALUE 50","09 Sep 2022","-","-","-","6410.73"
"NIFTY500 VALUE 50","08 Sep 2022","-","-","-","6414.23"
"NIFTY500 VALUE 50","07 Sep 2022","-","-","-","6396.43"
"NIFTY500 VALUE 50","06 Sep 2022","-","-","-","6372.07"
"NIFTY500 VALUE 50","05 Sep 2022","-","-","-","6335.38"
"NIFTY500 VALUE 50","02 Sep 2022","-","-","-","6275.36"
"NIFTY500 VALUE 50","01 Sep 2022","-","-","-","6315.87"
"NIFTY500 VALUE 50","30 Aug 2022","-","-","-","6372.26"
"NIFTY500 VALUE 50","29 Aug 2022","-","-","-","6266.37"
"NIFTY500 VALUE 50","26 Aug 2022","-","-","-","6337.80"
"NIFTY500 VALUE 50","25 Aug 2022","-","-","-","6272.11"
"NIFTY500 VALUE 50","24 Aug 2022","-","-","-","6234.83"
"NIFTY500 VALUE 50","23 Aug 2022","-","-","-","6203.40"
"NIFTY500 VALUE 50","22 Aug 2022","-","-","-","6114.94"
"NIFTY500 VALUE 50","19 Aug 2022","-","-","-","6216.46"
"NIFTY500 VALUE 50","18 Aug 2022","-","-","-","6307.99"
"NIFTY500 VALUE 50","17 Aug 2022","-","-","-","6324.04"
"NIFTY500 VALUE 50","16 Aug 2022","-","-","-","6270.19"
"NIFTY500 VALUE 50","12 Aug 2022","-","-","-","6235.50"
"NIFTY500 VALUE 50","11 Aug 2022","-","-","-","6149.93"
"NIFTY500 VALUE 50","10 Aug 2022","-","-","-","6144.56"
"NIFTY500 VALUE 50","08 Aug 2022","-","-","-","6147.07"
"NIFTY500 VALUE 50","05 Aug 2022","-","-","-","6134.27"
"NIFTY500 VALUE 50","04 Aug 2022","-","-","-","6109.49"
"NIFTY500 VALUE 50","03 Aug 2022","-","-","-","6125.99"
"NIFTY500 VALUE 50","02 Aug 2022","-","-","-","6178.47"
"NIFTY500 VALUE 50","01 Aug 2022","-","-","-","6138.32"
"NIFTY500 VALUE 50","29 Jul 2022","-","-","-","6055.32"
"NIFTY500 VALUE 50","28 Jul 2022","-","-","-","5970.50"
"NIFTY500 VALUE 50","27 Jul 2022","-","-","-","5926.18"
"NIFTY500 VALUE 50","26 Jul 2022","-","-","-","5872.25"
"NIFTY500 VALUE 50","25 Jul 2022","-","-","-","5897.53"
"NIFTY500 VALUE 50","22 Jul 2022","-","-","-","5894.91"
"NIFTY500 VALUE 50","21 Jul 2022","-","-","-","5885.35"
"NIFTY500 VALUE 50","20 Jul 2022","-","-","-","5824.99"
"NIFTY500 VALUE 50","19 Jul 2022","-","-","-","5798.44"
"NIFTY500 VALUE 50","18 Jul 2022","-","-","-","5757.57"
"NIFTY500 VALUE 50","15 Jul 2022","-","-","-","5650.55"
"NIFTY500 VALUE 50","14 Jul 2022","-","-","-","5651.88"
"NIFTY500 VALUE 50","13 Jul 2022","-","-","-","5669.61"
"NIFTY500 VALUE 50","12 Jul 2022","-","-","-","5655.18"
"NIFTY500 VALUE 50","11 Jul 2022","-","-","-","5713.25"
"NIFTY500 VALUE 50","08 Jul 2022","-","-","-","5660.83"
"NIFTY500 VALUE 50","07 Jul 2022","-","-","-","5655.04"
"NIFTY500 VALUE 50","06 Jul 2022","-","-","-","5529.46"
"NIFTY500 VALUE 50","05 Jul 2022","-","-","-","5529.72"
"NIFTY500 VALUE 50","04 Jul 2022","-","-","-","5542.07"
"NIFTY500 VALUE 50","01 Jul 2022","-","-","-","5529.39"
"NIFTY500 VALUE 50","30 Jun 2022","-","-","-","5541.62"
"NIFTY500 VALUE 50","29 Jun 2022","-","-","-","5580.30"
"NIFTY500 VALUE 50","28 Jun 2022","-","-","-","5557.83"
"NIFTY500 VALUE 50","27 Jun 2022","-","-","-","5495.65"
"NIFTY500 VALUE 50","24 Jun 2022","-","-","-","5406.02"
"NIFTY500 VALUE 50","23 Jun 2022","-","-","-","5358.14"
"NIFTY500 VALUE 50","22 Jun 2022","-","-","-","5347.86"
"NIFTY500 VALUE 50","21 Jun 2022","-","-","-","5442.12"
"NIFTY500 VALUE 50","20 Jun 2022","-","-","-","5270.00"
"NIFTY500 VALUE 50","17 Jun 2022","-","-","-","5430.39"
"NIFTY500 VALUE 50","16 Jun 2022","-","-","-","5478.37"
"NIFTY500 VALUE 50","15 Jun 2022","-","-","-","5669.02"
"NIFTY500 VALUE 50","14 Jun 2022","-","-","-","5703.97"
"NIFTY500 VALUE 50","13 Jun 2022","-","-","-","5745.30"
"NIFTY500 VALUE 50","10 Jun 2022","-","-","-","5934.35"
"NIFTY500 VALUE 50","09 Jun 2022","-","-","-","5977.93"
"NIFTY500 VALUE 50","08 Jun 2022","-","-","-","5992.46"
"NIFTY500 VALUE 50","07 Jun 2022","-","-","-","5986.00"
"NIFTY500 VALUE 50","06 Jun 2022","-","-","-","5963.62"
"NIFTY500 VALUE 50","03 Jun 2022","-","-","-","5971.74"
"NIFTY500 VALUE 50","02 Jun 2022","-","-","-","6032.68"
"NIFTY500 VALUE 50","01 Jun 2022","-","-","-","5986.47"
"NIFTY500 VALUE 50","31 May 2022","-","-","-","5973.92"
"NIFTY500 VALUE 50","30 May 2022","-","-","-","5913.71"
"NIFTY500 VALUE 50","27 May 2022","-","-","-","5825.89"
"NIFTY500 VALUE 50","26 May 2022","-","-","-","5868.92"
"NIFTY500 VALUE 50","25 May 2022","-","-","-","5803.42"
"NIFTY500 VALUE 50","24 May 2022","-","-","-","5861.75"
"NIFTY500 VALUE 50","23 May 2022","-","-","-","5920.97"
"NIFTY500 VALUE 50","20 May 2022","-","-","-","6054.35"
"NIFTY500 VALUE 50","19 May 2022","-","-","-","5932.27"
"NIFTY500 VALUE 50","18 May 2022","-","-","-","6039.07"
"NIFTY500 VALUE 50","17 May 2022","-","-","-","6095.27"
"NIFTY500 VALUE 50","16 May 2022","-","-","-","5867.45"
"NIFTY500 VALUE 50","13 May 2022","-","-","-","5819.29"
"NIFTY500 VALUE 50","12 May 2022","-","-","-","5883.02"
"NIFTY500 VALUE 50","11 May 2022","-","-","-","6009.86"
"NIFTY500 VALUE 50","10 May 2022","-","-","-","6077.59"
"NIFTY500 VALUE 50","09 May 2022","-","-","-","6244.05"
"NIFTY500 VALUE 50","06 May 2022","-","-","-","6311.03"
"NIFTY500 VALUE 50","05 May 2022","-","-","-","6357.36"
"NIFTY500 VALUE 50","04 May 2022","-","-","-","6352.68"
"NIFTY500 VALUE 50","02 May 2022","-","-","-","6429.98"
"NIFTY500 VALUE 50","29 Apr 2022","-","-","-","6420.40"
"NIFTY500 VALUE 50","28 Apr 2022","-","-","-","6523.47"
"NIFTY500 VALUE 50","27 Apr 2022","-","-","-","6466.73"
"NIFTY500 VALUE 50","26 Apr 2022","-","-","-","6527.55"
"NIFTY500 VALUE 50","25 Apr 2022","-","-","-","6448.04"
"NIFTY500 VALUE 50","22 Apr 2022","-","-","-","6656.76"
"NIFTY500 VALUE 50","21 Apr 2022","-","-","-","6741.12"
"NIFTY500 VALUE 50","20 Apr 2022","-","-","-","6687.52"
"NIFTY500 VALUE 50","19 Apr 2022","-","-","-","6674.91"
"NIFTY500 VALUE 50","18 Apr 2022","-","-","-","6684.01"
"NIFTY500 VALUE 50","13 Apr 2022","-","-","-","6679.57"
"NIFTY500 VALUE 50","12 Apr 2022","-","-","-","6635.21"
"NIFTY500 VALUE 50","11 Apr 2022","-","-","-","6784.34"
"NIFTY500 VALUE 50","08 Apr 2022","-","-","-","6756.48"
"NIFTY500 VALUE 50","07 Apr 2022","-","-","-","6658.42"
"NIFTY500 VALUE 50","06 Apr 2022","-","-","-","6725.87"
"NIFTY500 VALUE 50","05 Apr 2022","-","-","-","6638.69"
"NIFTY500 VALUE 50","04 Apr 2022","-","-","-","6589.70"
"NIFTY500 VALUE 50","01 Apr 2022","-","-","-","6498.19"
"NIFTY500 VALUE 50","31 Mar 2022","-","-","-","6340.31"
"NIFTY500 VALUE 50","30 Mar 2022","-","-","-","6330.87"
"NIFTY500 VALUE 50","29 Mar 2022","-","-","-","6371.39"
"NIFTY500 VALUE 50","28 Mar 2022","-","-","-","6407.31"
"NIFTY500 VALUE 50","25 Mar 2022","-","-","-","6373.40"
"NIFTY500 VALUE 50","24 Mar 2022","-","-","-","6414.88"
"NIFTY500 VALUE 50","23 Mar 2022","-","-","-","6375.35"
"NIFTY500 VALUE 50","22 Mar 2022","-","-","-","6345.21"
"NIFTY500 VALUE 50","21 Mar 2022","-","-","-","6290.56"
"NIFTY500 VALUE 50","17 Mar 2022","-","-","-","6307.16"
"NIFTY500 VALUE 50","16 Mar 2022","-","-","-","6249.63"
"NIFTY500 VALUE 50","15 Mar 2022","-","-","-","6125.90"
"NIFTY500 VALUE 50","14 Mar 2022","-","-","-","6279.40"
"NIFTY500 VALUE 50","11 Mar 2022","-","-","-","6310.43"
"NIFTY500 VALUE 50","10 Mar 2022","-","-","-","6240.58"
"NIFTY500 VALUE 50","09 Mar 2022","-","-","-","6185.40"
"NIFTY500 VALUE 50","08 Mar 2022","-","-","-","6186.24"
"NIFTY500 VALUE 50","07 Mar 2022","-","-","-","6183.78"
"NIFTY500 VALUE 50","04 Mar 2022","-","-","-","6151.20"
"NIFTY500 VALUE 50","03 Mar 2022","-","-","-","6255.31"
"NIFTY500 VALUE 50","02 Mar 2022","-","-","-","6170.87"
"NIFTY500 VALUE 50","28 Feb 2022","-","-","-","6099.13"
"NIFTY500 VALUE 50","25 Feb 2022","-","-","-","5938.01"
"NIFTY500 VALUE 50","24 Feb 2022","-","-","-","5736.20"
"NIFTY500 VALUE 50","23 Feb 2022","-","-","-","6087.39"
"NIFTY500 VALUE 50","22 Feb 2022","-","-","-","6084.07"
"NIFTY500 VALUE 50","21 Feb 2022","-","-","-","6143.49"
"NIFTY500 VALUE 50","18 Feb 2022","-","-","-","6250.00"
"NIFTY500 VALUE 50","17 Feb 2022","-","-","-","6279.32"
"NIFTY500 VALUE 50","16 Feb 2022","-","-","-","6309.68"
"NIFTY500 VALUE 50","15 Feb 2022","-","-","-","6300.74"
"NIFTY500 VALUE 50","14 Feb 2022","-","-","-","6190.67"
"NIFTY500 VALUE 50","11 Feb 2022","-","-","-","6449.94"
"NIFTY500 VALUE 50","10 Feb 2022","-","-","-","6495.78"
"NIFTY500 VALUE 50","09 Feb 2022","-","-","-","6445.48"
"NIFTY500 VALUE 50","08 Feb 2022","-","-","-","6385.22"
"NIFTY500 VALUE 50","07 Feb 2022","-","-","-","6390.70"
"NIFTY500 VALUE 50","04 Feb 2022","-","-","-","6377.31"
"NIFTY500 VALUE 50","03 Feb 2022","-","-","-","6393.20"
"NIFTY500 VALUE 50","02 Feb 2022","-","-","-","6442.53"
"NIFTY500 VALUE 50","01 Feb 2022","-","-","-","6370.59"
"NIFTY500 VALUE 50","31 Jan 2022","-","-","-","6329.11"
"NIFTY500 VALUE 50","28 Jan 2022","-","-","-","6245.92"
"NIFTY500 VALUE 50","27 Jan 2022","-","-","-","6196.64"
"NIFTY500 VALUE 50","25 Jan 2022","-","-","-","6173.26"
"NIFTY500 VALUE 50","24 Jan 2022","-","-","-","6061.73"
"NIFTY500 VALUE 50","21 Jan 2022","-","-","-","6237.12"
"NIFTY500 VALUE 50","20 Jan 2022","-","-","-","6380.81"
"NIFTY500 VALUE 50","19 Jan 2022","-","-","-","6378.52"
"NIFTY500 VALUE 50","18 Jan 2022","-","-","-","6332.27"
"NIFTY500 VALUE 50","17 Jan 2022","-","-","-","6445.89"
"NIFTY500 VALUE 50","14 Jan 2022","-","-","-","6405.20"
"NIFTY500 VALUE 50","13 Jan 2022","-","-","-","6406.04"
"NIFTY500 VALUE 50","12 Jan 2022","-","-","-","6324.39"
"NIFTY500 VALUE 50","11 Jan 2022","-","-","-","6260.28"
"NIFTY500 VALUE 50","10 Jan 2022","-","-","-","6308.17"
"NIFTY500 VALUE 50","07 Jan 2022","-","-","-","6227.51"
"NIFTY500 VALUE 50","06 Jan 2022","-","-","-","6165.65"
"NIFTY500 VALUE 50","05 Jan 2022","-","-","-","6155.75"
"NIFTY500 VALUE 50","04 Jan 2022","-","-","-","6088.45"
"NIFTY500 VALUE 50","03 Jan 2022","-","-","-","6052.03"
"NIFTY500 VALUE 50","31 Dec 2021","-","-","-","5934.66"
"NIFTY500 VALUE 50","30 Dec 2021","-","-","-","5860.84"
"NIFTY500 VALUE 50","29 Dec 2021","-","-","-","5888.23"
"NIFTY500 VALUE 50","28 Dec 2021","-","-","-","5917.75"
"NIFTY500 VALUE 50","27 Dec 2021","-","-","-","5823.28"
"NIFTY500 VALUE 50","24 Dec 2021","-","-","-","5820.49"
"NIFTY500 VALUE 50","23 Dec 2021","-","-","-","5911.37"
"NIFTY500 VALUE 50","22 Dec 2021","-","-","-","5843.55"
"NIFTY500 VALUE 50","21 Dec 2021","-","-","-","5750.17"
"NIFTY500 VALUE 50","20 Dec 2021","-","-","-","5665.48"
"NIFTY500 VALUE 50","17 Dec 2021","-","-","-","5908.23"
"NIFTY500 VALUE 50","16 Dec 2021","-","-","-","6069.25"
"NIFTY500 VALUE 50","15 Dec 2021","-","-","-","6103.48"
"NIFTY500 VALUE 50","14 Dec 2021","-","-","-","6164.20"
"NIFTY500 VALUE 50","13 Dec 2021","-","-","-","6160.44"
"NIFTY500 VALUE 50","10 Dec 2021","-","-","-","6197.08"
"NIFTY500 VALUE 50","09 Dec 2021","-","-","-","6172.50"
"NIFTY500 VALUE 50","08 Dec 2021","-","-","-","6155.71"
"NIFTY500 VALUE 50","07 Dec 2021","-","-","-","6072.03"
"NIFTY500 VALUE 50","06 Dec 2021","-","-","-","5959.81"
"NIFTY500 VALUE 50","03 Dec 2021","-","-","-","6042.89"
"NIFTY500 VALUE 50","02 Dec 2021","-","-","-","6047.34"
"NIFTY500 VALUE 50","01 Dec 2021","-","-","-","5948.54"
"NIFTY500 VALUE 50","30 Nov 2021","-","-","-","5852.85"
"NIFTY500 VALUE 50","29 Nov 2021","-","-","-","5861.02"
"NIFTY500 VALUE 50","26 Nov 2021","-","-","-","5936.44"
"NIFTY500 VALUE 50","25 Nov 2021","-","-","-","6201.95"
"NIFTY500 VALUE 50","24 Nov 2021","-","-","-","6202.89"
"NIFTY500 VALUE 50","23 Nov 2021","-","-","-","6182.70"
"NIFTY500 VALUE 50","22 Nov 2021","-","-","-","6065.95"
"NIFTY500 VALUE 50","18 Nov 2021","-","-","-","6251.43"
"NIFTY500 VALUE 50","17 Nov 2021","-","-","-","6367.55"
"NIFTY500 VALUE 50","16 Nov 2021","-","-","-","6377.90"
"NIFTY500 VALUE 50","15 Nov 2021","-","-","-","6425.51"
"NIFTY500 VALUE 50","12 Nov 2021","-","-","-","6481.15"
"NIFTY500 VALUE 50","11 Nov 2021","-","-","-","6458.46"
"NIFTY500 VALUE 50","10 Nov 2021","-","-","-","6529.14"
"NIFTY500 VALUE 50","09 Nov 2021","-","-","-","6585.06"
"NIFTY500 VALUE 50","08 Nov 2021","-","-","-","6561.79"
"NIFTY500 VALUE 50","04 Nov 2021","-","-","-","6433.47"
"NIFTY500 VALUE 50","03 Nov 2021","-","-","-","6386.19"
"NIFTY500 VALUE 50","02 Nov 2021","-","-","-","6382.01"
"NIFTY500 VALUE 50","01 Nov 2021","-","-","-","6387.97"
"NIFTY500 VALUE 50","29 Oct 2021","-","-","-","6256.10"
"NIFTY500 VALUE 50","28 Oct 2021","-","-","-","6267.71"
"NIFTY500 VALUE 50","27 Oct 2021","-","-","-","6494.02"
"NIFTY500 VALUE 50","26 Oct 2021","-","-","-","6532.90"
"NIFTY500 VALUE 50","25 Oct 2021","-","-","-","6405.42"
"NIFTY500 VALUE 50","22 Oct 2021","-","-","-","6450.17"
"NIFTY500 VALUE 50","21 Oct 2021","-","-","-","6543.92"
"NIFTY500 VALUE 50","20 Oct 2021","-","-","-","6525.47"
"NIFTY500 VALUE 50","19 Oct 2021","-","-","-","6643.63"
"NIFTY500 VALUE 50","18 Oct 2021","-","-","-","6843.40"
"NIFTY500 VALUE 50","14 Oct 2021","-","-","-","6678.97"
"NIFTY500 VALUE 50","13 Oct 2021","-","-","-","6627.98"
"NIFTY500 VALUE 50","12 Oct 2021","-","-","-","6444.37"
"NIFTY500 VALUE 50","11 Oct 2021","-","-","-","6409.32"
"NIFTY500 VALUE 50","08 Oct 2021","-","-","-","6291.70"
"NIFTY500 VALUE 50","07 Oct 2021","-","-","-","6285.10"
"NIFTY500 VALUE 50","06 Oct 2021","-","-","-","6253.02"
"NIFTY500 VALUE 50","05 Oct 2021","-","-","-","6323.82"
"NIFTY500 VALUE 50","04 Oct 2021","-","-","-","6234.16"
"NIFTY500 VALUE 50","01 Oct 2021","-","-","-","6130.85"
"NIFTY500 VALUE 50","30 Sep 2021","-","-","-","6117.47"
"NIFTY500 VALUE 50","29 Sep 2021","-","-","-","6111.91"
"NIFTY500 VALUE 50","28 Sep 2021","-","-","-","5959.19"
"NIFTY500 VALUE 50","27 Sep 2021","-","-","-","5859.11"
"NIFTY500 VALUE 50","24 Sep 2021","-","-","-","5791.25"
"NIFTY500 VALUE 50","23 Sep 2021","-","-","-","5840.98"
"NIFTY500 VALUE 50","22 Sep 2021","-","-","-","5742.04"
"NIFTY500 VALUE 50","21 Sep 2021","-","-","-","5655.29"
"NIFTY500 VALUE 50","20 Sep 2021","-","-","-","5601.78"
"NIFTY500 VALUE 50","17 Sep 2021","-","-","-","5804.17"
"NIFTY500 VALUE 50","16 Sep 2021","-","-","-","5900.80"
"NIFTY500 VALUE 50","15 Sep 2021","-","-","-","5872.14"
"NIFTY500 VALUE 50","14 Sep 2021","-","-","-","5777.78"
"NIFTY500 VALUE 50","13 Sep 2021","-","-","-","5742.46"
"NIFTY500 VALUE 50","09 Sep 2021","-","-","-","5688.59"
"NIFTY500 VALUE 50","08 Sep 2021","-","-","-","5647.98"
"NIFTY500 VALUE 50","07 Sep 2021","-","-","-","5606.92"
"NIFTY500 VALUE 50","06 Sep 2021","-","-","-","5645.76"
"NIFTY500 VALUE 50","03 Sep 2021","-","-","-","5650.45"
"NIFTY500 VALUE 50","02 Sep 2021","-","-","-","5583.72"
"NIFTY500 VALUE 50","01 Sep 2021","-","-","-","5574.81"
"NIFTY500 VALUE 50","31 Aug 2021","-","-","-","5583.10"
"NIFTY500 VALUE 50","30 Aug 2021","-","-","-","5531.06"
"NIFTY500 VALUE 50","27 Aug 2021","-","-","-","5422.33"
"NIFTY500 VALUE 50","26 Aug 2021","-","-","-","5371.15"
"NIFTY500 VALUE 50","25 Aug 2021","-","-","-","5409.65"
"NIFTY500 VALUE 50","24 Aug 2021","-","-","-","5373.55"
"NIFTY500 VALUE 50","23 Aug 2021","-","-","-","5263.79"
"NIFTY500 VALUE 50","20 Aug 2021","-","-","-","5331.28"
"NIFTY500 VALUE 50","18 Aug 2021","-","-","-","5524.62"
"NIFTY500 VALUE 50","17 Aug 2021","-","-","-","5549.27"
"NIFTY500 VALUE 50","16 Aug 2021","-","-","-","5626.20"
"NIFTY500 VALUE 50","13 Aug 2021","-","-","-","5608.58"
"NIFTY500 VALUE 50","12 Aug 2021","-","-","-","5609.92"
"NIFTY500 VALUE 50","11 Aug 2021","-","-","-","5563.13"
"NIFTY500 VALUE 50","10 Aug 2021","-","-","-","5498.75"
"NIFTY500 VALUE 50","09 Aug 2021","-","-","-","5611.65"
"NIFTY500 VALUE 50","06 Aug 2021","-","-","-","5688.33"
"NIFTY500 VALUE 50","05 Aug 2021","-","-","-","5656.61"
"NIFTY500 VALUE 50","04 Aug 2021","-","-","-","5666.32"
"NIFTY500 VALUE 50","03 Aug 2021","-","-","-","5717.11"
"NIFTY500 VALUE 50","02 Aug 2021","-","-","-","5706.58"
"NIFTY500 VALUE 50","30 Jul 2021","-","-","-","5640.08"
"NIFTY500 VALUE 50","29 Jul 2021","-","-","-","5637.03"
"NIFTY500 VALUE 50","28 Jul 2021","-","-","-","5531.50"
"NIFTY500 VALUE 50","27 Jul 2021","-","-","-","5547.85"
"NIFTY500 VALUE 50","26 Jul 2021","-","-","-","5569.19"
"NIFTY500 VALUE 50","23 Jul 2021","-","-","-","5569.37"
"NIFTY500 VALUE 50","22 Jul 2021","-","-","-","5589.86"
"NIFTY500 VALUE 50","20 Jul 2021","-","-","-","5510.41"
"NIFTY500 VALUE 50","19 Jul 2021","-","-","-","5593.36"
"NIFTY500 VALUE 50","16 Jul 2021","-","-","-","5622.08"
"NIFTY500 VALUE 50","15 Jul 2021","-","-","-","5593.02"
"NIFTY500 VALUE 50","14 Jul 2021","-","-","-","5607.44"
"NIFTY500 VALUE 50","13 Jul 2021","-","-","-","5620.41"
"NIFTY500 VALUE 50","12 Jul 2021","-","-","-","5571.22"
"NIFTY500 VALUE 50","09 Jul 2021","-","-","-","5551.95"
"NIFTY500 VALUE 50","08 Jul 2021","-","-","-","5515.36"
"NIFTY500 VALUE 50","07 Jul 2021","-","-","-","5570.98"
"NIFTY500 VALUE 50","06 Jul 2021","-","-","-","5537.76"
"NIFTY500 VALUE 50","05 Jul 2021","-","-","-","5605.64"
"NIFTY500 VALUE 50","02 Jul 2021","-","-","-","5543.73"
"NIFTY500 VALUE 50","01 Jul 2021","-","-","-","5537.69"
"NIFTY500 VALUE 50","30 Jun 2021","-","-","-","5544.28"
"NIFTY500 VALUE 50","29 Jun 2021","-","-","-","5542.60"
"NIFTY500 VALUE 50","28 Jun 2021","-","-","-","5593.46"
"NIFTY500 VALUE 50","25 Jun 2021","-","-","-","5545.68"
"NIFTY500 VALUE 50","24 Jun 2021","-","-","-","5476.10"
"NIFTY500 VALUE 50","23 Jun 2021","-","-","-","5509.97"
"NIFTY500 VALUE 50","22 Jun 2021","-","-","-","5549.84"
"NIFTY500 VALUE 50","21 Jun 2021","-","-","-","5531.01"
"NIFTY500 VALUE 50","18 Jun 2021","-","-","-","5477.83"
"NIFTY500 VALUE 50","17 Jun 2021","-","-","-","5572.39"
"NIFTY500 VALUE 50","16 Jun 2021","-","-","-","5664.47"
"NIFTY500 VALUE 50","15 Jun 2021","-","-","-","5713.71"
"NIFTY500 VALUE 50","14 Jun 2021","-","-","-","5707.16"
"NIFTY500 VALUE 50","11 Jun 2021","-","-","-","5713.65"
"NIFTY500 VALUE 50","10 Jun 2021","-","-","-","5680.86"
"NIFTY500 VALUE 50","09 Jun 2021","-","-","-","5617.80"
"NIFTY500 VALUE 50","08 Jun 2021","-","-","-","5633.71"
"NIFTY500 VALUE 50","07 Jun 2021","-","-","-","5637.30"
"NIFTY500 VALUE 50","04 Jun 2021","-","-","-","5578.54"
"NIFTY500 VALUE 50","03 Jun 2021","-","-","-","5489.60"
"NIFTY500 VALUE 50","02 Jun 2021","-","-","-","5443.51"
"NIFTY500 VALUE 50","01 Jun 2021","-","-","-","5375.79"
"NIFTY500 VALUE 50","31 May 2021","-","-","-","5402.19"
"NIFTY500 VALUE 50","28 May 2021","-","-","-","5353.74"
"NIFTY500 VALUE 50","27 May 2021","-","-","-","5321.34"
"NIFTY500 VALUE 50","26 May 2021","-","-","-","5305.42"
"NIFTY500 VALUE 50","25 May 2021","-","-","-","5334.84"
"NIFTY500 VALUE 50","24 May 2021","-","-","-","5318.09"
"NIFTY500 VALUE 50","21 May 2021","-","-","-","5266.91"
"NIFTY500 VALUE 50","20 May 2021","-","-","-","5217.89"
"NIFTY500 VALUE 50","19 May 2021","-","-","-","5295.06"
"NIFTY500 VALUE 50","18 May 2021","-","-","-","5314.22"
"NIFTY500 VALUE 50","17 May 2021","-","-","-","5244.82"
"NIFTY500 VALUE 50","14 May 2021","-","-","-","5163.73"
"NIFTY500 VALUE 50","12 May 2021","-","-","-","5312.94"
"NIFTY500 VALUE 50","11 May 2021","-","-","-","5354.88"
"NIFTY500 VALUE 50","10 May 2021","-","-","-","5266.66"
"NIFTY500 VALUE 50","07 May 2021","-","-","-","5105.98"
"NIFTY500 VALUE 50","06 May 2021","-","-","-","5000.97"
"NIFTY500 VALUE 50","05 May 2021","-","-","-","4952.30"
"NIFTY500 VALUE 50","04 May 2021","-","-","-","4903.57"
"NIFTY500 VALUE 50","03 May 2021","-","-","-","4905.73"
"NIFTY500 VALUE 50","30 Apr 2021","-","-","-","4867.47"
"NIFTY500 VALUE 50","29 Apr 2021","-","-","-","4820.80"
"NIFTY500 VALUE 50","28 Apr 2021","-","-","-","4784.96"
"NIFTY500 VALUE 50","27 Apr 2021","-","-","-","4756.75"
"NIFTY500 VALUE 50","26 Apr 2021","-","-","-","4670.26"
"NIFTY500 VALUE 50","23 Apr 2021","-","-","-","4623.12"
"NIFTY500 VALUE 50","22 Apr 2021","-","-","-","4621.31"
"NIFTY500 VALUE 50","20 Apr 2021","-","-","-","4591.23"
"NIFTY500 VALUE 50","19 Apr 2021","-","-","-","4598.64"
"NIFTY500 VALUE 50","16 Apr 2021","-","-","-","4727.24"
"NIFTY500 VALUE 50","15 Apr 2021","-","-","-","4692.43"
"NIFTY500 VALUE 50","13 Apr 2021","-","-","-","4685.45"
"NIFTY500 VALUE 50","12 Apr 2021","-","-","-","4541.25"
"NIFTY500 VALUE 50","09 Apr 2021","-","-","-","4870.29"
"NIFTY500 VALUE 50","08 Apr 2021","-","-","-","4898.74"
"NIFTY500 VALUE 50","07 Apr 2021","-","-","-","4849.28"
"NIFTY500 VALUE 50","06 Apr 2021","-","-","-","4799.58"
"NIFTY500 VALUE 50","05 Apr 2021","-","-","-","4758.34"
"NIFTY500 VALUE 50","01 Apr 2021","-","-","-","4834.74"
"NIFTY500 VALUE 50","31 Mar 2021","-","-","-","4705.55"
"NIFTY500 VALUE 50","30 Mar 2021","-","-","-","4677.39"
"NIFTY500 VALUE 50","26 Mar 2021","-","-","-","4623.32"
"NIFTY500 VALUE 50","25 Mar 2021","-","-","-","4543.42"
"NIFTY500 VALUE 50","24 Mar 2021","-","-","-","4624.87"
"NIFTY500 VALUE 50","23 Mar 2021","-","-","-","4770.04"
"NIFTY500 VALUE 50","22 Mar 2021","-","-","-","4770.99"
"NIFTY500 VALUE 50","19 Mar 2021","-","-","-","4773.79"
"NIFTY500 VALUE 50","18 Mar 2021","-","-","-","4713.14"
"NIFTY500 VALUE 50","17 Mar 2021","-","-","-","4768.66"
"NIFTY500 VALUE 50","16 Mar 2021","-","-","-","4934.48"
"NIFTY500 VALUE 50","15 Mar 2021","-","-","-","4940.67"
"NIFTY500 VALUE 50","12 Mar 2021","-","-","-","4944.83"
"NIFTY500 VALUE 50","10 Mar 2021","-","-","-","4940.57"
"NIFTY500 VALUE 50","09 Mar 2021","-","-","-","4906.60"
"NIFTY500 VALUE 50","08 Mar 2021","-","-","-","4986.49"
"NIFTY500 VALUE 50","05 Mar 2021","-","-","-","4924.31"
"NIFTY500 VALUE 50","04 Mar 2021","-","-","-","5037.04"
"NIFTY500 VALUE 50","03 Mar 2021","-","-","-","5064.75"
"NIFTY500 VALUE 50","02 Mar 2021","-","-","-","4957.70"
"NIFTY500 VALUE 50","01 Mar 2021","-","-","-","4895.99"
"NIFTY500 VALUE 50","26 Feb 2021","-","-","-","4808.61"
"NIFTY500 VALUE 50","25 Feb 2021","-","-","-","4946.61"
"NIFTY500 VALUE 50","24 Feb 2021","-","-","-","4774.89"
"NIFTY500 VALUE 50","23 Feb 2021","-","-","-","4716.34"
"NIFTY500 VALUE 50","22 Feb 2021","-","-","-","4611.99"
"NIFTY500 VALUE 50","19 Feb 2021","-","-","-","4649.10"
"NIFTY500 VALUE 50","18 Feb 2021","-","-","-","4724.97"
"NIFTY500 VALUE 50","17 Feb 2021","-","-","-","4606.49"
"NIFTY500 VALUE 50","16 Feb 2021","-","-","-","4578.26"
"NIFTY500 VALUE 50","15 Feb 2021","-","-","-","4505.32"
"NIFTY500 VALUE 50","12 Feb 2021","-","-","-","4479.97"
"NIFTY500 VALUE 50","11 Feb 2021","-","-","-","4520.01"
"NIFTY500 VALUE 50","10 Feb 2021","-","-","-","4509.51"
"NIFTY500 VALUE 50","09 Feb 2021","-","-","-","4497.24"
"NIFTY500 VALUE 50","08 Feb 2021","-","-","-","4516.52"
"NIFTY500 VALUE 50","05 Feb 2021","-","-","-","4425.40"
"NIFTY500 VALUE 50","04 Feb 2021","-","-","-","4454.84"
"NIFTY500 VALUE 50","03 Feb 2021","-","-","-","4368.05"
"NIFTY500 VALUE 50","02 Feb 2021","-","-","-","4283.45"
"NIFTY500 VALUE 50","01 Feb 2021","-","-","-","4135.50"
"NIFTY500 VALUE 50","29 Jan 2021","-","-","-","3961.39"
"NIFTY500 VALUE 50","28 Jan 2021","-","-","-","4003.02"
"NIFTY500 VALUE 50","27 Jan 2021","-","-","-","4009.99"
"NIFTY500 VALUE 50","25 Jan 2021","-","-","-","4092.18"
"NIFTY500 VALUE 50","22 Jan 2021","-","-","-","4137.91"
"NIFTY500 VALUE 50","21 Jan 2021","-","-","-","4227.16"
"NIFTY500 VALUE 50","20 Jan 2021","-","-","-","4292.18"
"NIFTY500 VALUE 50","19 Jan 2021","-","-","-","4258.82"
"NIFTY500 VALUE 50","18 Jan 2021","-","-","-","4150.24"
"NIFTY500 VALUE 50","15 Jan 2021","-","-","-","4291.69"
"NIFTY500 VALUE 50","14 Jan 2021","-","-","-","4330.50"
"NIFTY500 VALUE 50","13 Jan 2021","-","-","-","4320.96"
"NIFTY500 VALUE 50","12 Jan 2021","-","-","-","4281.97"
"NIFTY500 VALUE 50","11 Jan 2021","-","-","-","4192.90"
"NIFTY500 VALUE 50","08 Jan 2021","-","-","-","4186.47"
"NIFTY500 VALUE 50","07 Jan 2021","-","-","-","4155.14"
"NIFTY500 VALUE 50","06 Jan 2021","-","-","-","4083.58"
"NIFTY500 VALUE 50","05 Jan 2021","-","-","-","4057.13"
"NIFTY500 VALUE 50","04 Jan 2021","-","-","-","4068.50"
"NIFTY500 VALUE 50","01 Jan 2021","-","-","-","3954.18"